<?xml version="1.0" encoding="UTF-8"?>
<project-private xmlns="http://www.netbeans.org/ns/project-private/1">
    <editor-bookmarks xmlns="http://www.netbeans.org/ns/editor-bookmarks/2" lastBookmarkId="0"/>
    <open-files xmlns="http://www.netbeans.org/ns/projectui-open-files/2">
        <group>
            <file>file:/C:/Users/J.E%20JHANG/Documents/NetBeansProjects/JavaApplication2/src/javaapplication2/DailyNotePanel.java</file>
            <file>file:/C:/Users/J.E%20JHANG/Documents/NetBeansProjects/JavaApplication2/src/javaapplication2/Login.java</file>
            <file>file:/C:/Users/J.E%20JHANG/Documents/NetBeansProjects/JavaApplication2/src/javaapplication2/LoginDB.java</file>
            <file>file:/C:/Users/J.E%20JHANG/Documents/NetBeansProjects/JavaApplication2/src/javaapplication2/CertificationRegiPanel.java</file>
            <file>file:/C:/Users/J.E%20JHANG/Documents/NetBeansProjects/JavaApplication2/test/add_item.java</file>
            <file>file:/C:/Users/J.E%20JHANG/Documents/NetBeansProjects/JavaApplication2/test/employee_panel.java</file>
            <file>file:/C:/Users/J.E%20JHANG/Documents/NetBeansProjects/JavaApplication2/test/add_patron.java</file>
            <file>file:/C:/Users/J.E%20JHANG/Documents/NetBeansProjects/JavaApplication2/test/admin_page.java</file>
            <file>file:/C:/Users/J.E%20JHANG/Documents/NetBeansProjects/JavaApplication2/src/javaapplication2/CheckinPanel.java</file>
            <file>file:/C:/Users/J.E%20JHANG/Documents/NetBeansProjects/JavaApplication2/src/javaapplication2/Employee_page.java</file>
        </group>
    </open-files>
</project-private>
